#domain,#severity,#reject_media,#reject_reports,#public_comment,#obfuscate
cariad.invalid,suspend,FALSE,FALSE,iftas:canary,TRUE
cunnyborea.top,suspend,FALSE,FALSE,iftas:cariad80,TRUE
freespeechextremist.com,suspend,FALSE,FALSE,iftas:cariad80,TRUE
bae.st,suspend,FALSE,FALSE,iftas:cariad80,TRUE
baraag.net,suspend,FALSE,FALSE,iftas:cariad80,TRUE
brighteon.social,suspend,FALSE,FALSE,iftas:cariad80,TRUE
detroitriotcity.com,suspend,FALSE,FALSE,iftas:cariad80,TRUE
mastinator.com,suspend,FALSE,FALSE,iftas:cariad80,TRUE
poa.st,suspend,FALSE,FALSE,iftas:cariad80,TRUE
activitypub-troll.cf,suspend,FALSE,FALSE,iftas:cariad80,TRUE
beefyboys.win,suspend,FALSE,FALSE,iftas:cariad80,TRUE
cum.salon,suspend,FALSE,FALSE,iftas:cariad80,TRUE
eveningzoo.club,suspend,FALSE,FALSE,iftas:cariad80,TRUE
nicecrew.digital,suspend,FALSE,FALSE,iftas:cariad80,TRUE
noagendasocial.com,suspend,FALSE,FALSE,iftas:cariad80,TRUE
noauthority.social,suspend,FALSE,FALSE,iftas:cariad80,TRUE
pawoo.net,suspend,FALSE,FALSE,iftas:cariad80,TRUE
poster.place,suspend,FALSE,FALSE,iftas:cariad80,TRUE
varishangout.net,suspend,FALSE,FALSE,iftas:cariad80,TRUE
childlove.space,suspend,FALSE,FALSE,iftas:cariad80,TRUE
gab.com,suspend,FALSE,FALSE,iftas:cariad80,TRUE
mugicha.club,suspend,FALSE,FALSE,iftas:cariad80,TRUE
nationalist.social,suspend,FALSE,FALSE,iftas:cariad80,TRUE
obo.sh,suspend,FALSE,FALSE,iftas:cariad80,TRUE
repl.co,suspend,FALSE,FALSE,iftas:cariad80,TRUE
shitposter.club,suspend,FALSE,FALSE,iftas:cariad80,TRUE
chudbuds.lol,suspend,FALSE,FALSE,iftas:cariad80,TRUE
kiwifarms.cc,suspend,FALSE,FALSE,iftas:cariad80,TRUE
mapsupport.de,suspend,FALSE,FALSE,iftas:cariad80,TRUE
misskey-forkbomb.cf,suspend,FALSE,FALSE,iftas:cariad80,TRUE
seal.cafe,suspend,FALSE,FALSE,iftas:cariad80,TRUE
sneed.social,suspend,FALSE,FALSE,iftas:cariad80,TRUE
social.cutefunny.net,suspend,FALSE,FALSE,iftas:cariad80,TRUE
yggdrasil.social,suspend,FALSE,FALSE,iftas:cariad80,TRUE
childlove.su,suspend,FALSE,FALSE,iftas:cariad66,TRUE
clubcyberia.co,suspend,FALSE,FALSE,iftas:cariad66,TRUE
eientei.org,suspend,FALSE,FALSE,iftas:cariad66,TRUE
freeatlantis.com,suspend,FALSE,FALSE,iftas:cariad66,TRUE
freecumextremist.com,suspend,FALSE,FALSE,iftas:cariad66,TRUE
gameliberty.club,suspend,FALSE,FALSE,iftas:cariad66,TRUE
mostr.pub,suspend,FALSE,FALSE,iftas:cariad66,TRUE
pieville.net,suspend,FALSE,FALSE,iftas:cariad66,TRUE
ryona.agency,suspend,FALSE,FALSE,iftas:cariad66,TRUE
shitpost.cloud,suspend,FALSE,FALSE,iftas:cariad66,TRUE
shortstackran.ch,suspend,FALSE,FALSE,iftas:cariad66,TRUE
social.freysa.ai,silence,FALSE,FALSE,iftas:cariad66,TRUE
spinster.xyz,suspend,FALSE,FALSE,iftas:cariad66,TRUE
truthsocial.co.in,suspend,FALSE,FALSE,iftas:cariad66,TRUE
aethy.com,suspend,FALSE,FALSE,iftas:cariad66,TRUE
annihilation.social,suspend,FALSE,FALSE,iftas:cariad66,TRUE
bird.makeup,suspend,FALSE,FALSE,iftas:cariad66,TRUE
clew.lol,suspend,FALSE,FALSE,iftas:cariad66,TRUE
fsebugoutzone.org,suspend,FALSE,FALSE,iftas:cariad66,TRUE
genderheretics.xyz,suspend,FALSE,FALSE,iftas:cariad66,TRUE
m.corduba.tech,suspend,FALSE,FALSE,iftas:cariad66,TRUE
pedo.school,suspend,FALSE,FALSE,iftas:cariad66,TRUE
pubeurope.com,suspend,FALSE,FALSE,iftas:cariad66,TRUE
rapemeat.solutions,suspend,FALSE,FALSE,iftas:cariad66,TRUE
wolfgirl.bar,suspend,FALSE,FALSE,iftas:cariad66,TRUE
breastmilk.club,suspend,FALSE,FALSE,iftas:cariad66,TRUE
cawfee.club,suspend,FALSE,FALSE,iftas:cariad66,TRUE
decayable.ink,suspend,FALSE,FALSE,iftas:cariad66,TRUE
hentai.baby,suspend,FALSE,FALSE,iftas:cariad66,TRUE
iddqd.social,suspend,FALSE,FALSE,iftas:cariad66,TRUE
leafposter.club,suspend,FALSE,FALSE,iftas:cariad66,TRUE
merovingian.club,suspend,FALSE,FALSE,iftas:cariad66,TRUE
neckbeard.xyz,suspend,FALSE,FALSE,iftas:cariad66,TRUE
norwoodzero.net,suspend,FALSE,FALSE,iftas:cariad66,TRUE
parcero.bond,suspend,FALSE,FALSE,iftas:cariad66,TRUE
rdrama.cc,suspend,FALSE,FALSE,iftas:cariad66,TRUE
seda.social,suspend,FALSE,FALSE,iftas:cariad66,TRUE
shota.house,suspend,FALSE,FALSE,iftas:cariad66,TRUE
skinheads.social,suspend,FALSE,FALSE,iftas:cariad66,TRUE
threads.net,suspend,FALSE,FALSE,iftas:cariad66,TRUE
volk.network,suspend,FALSE,FALSE,iftas:cariad66,TRUE
youjo.love,suspend,FALSE,FALSE,iftas:cariad66,TRUE
activitypub-proxy.cf,suspend,FALSE,FALSE,iftas:cariad51,TRUE
cunnyborea.space,suspend,FALSE,FALSE,iftas:cariad51,TRUE
freak.university,suspend,FALSE,FALSE,iftas:cariad51,TRUE
gearlandia.haus,suspend,FALSE,FALSE,iftas:cariad51,TRUE
ghetti.monster,suspend,FALSE,FALSE,iftas:cariad51,TRUE
gleasonator.com,suspend,FALSE,FALSE,iftas:cariad51,TRUE
h5q.net,suspend,FALSE,FALSE,iftas:cariad51,TRUE
hunk.city,suspend,FALSE,FALSE,iftas:cariad51,TRUE
imouto.exposed,suspend,FALSE,FALSE,iftas:cariad51,TRUE
kids.0px.io,suspend,FALSE,FALSE,iftas:cariad51,TRUE
lolicon.rocks,suspend,FALSE,FALSE,iftas:cariad51,TRUE
lolison.network,suspend,FALSE,FALSE,iftas:cariad51,TRUE
lolison.top,suspend,FALSE,FALSE,iftas:cariad51,TRUE
nazi.social,suspend,FALSE,FALSE,iftas:cariad51,TRUE
pettanko.art,suspend,FALSE,FALSE,iftas:cariad51,TRUE
rojogato.com,suspend,FALSE,FALSE,iftas:cariad51,TRUE
rot.gives,suspend,FALSE,FALSE,iftas:cariad51,TRUE
shitposter.world,suspend,FALSE,FALSE,iftas:cariad51,TRUE
shortstacksran.ch,suspend,FALSE,FALSE,iftas:cariad51,TRUE
skippers-bin.com,suspend,FALSE,FALSE,iftas:cariad51,TRUE
sleepy.cafe,suspend,FALSE,FALSE,iftas:cariad51,TRUE
startrekshitposting.com,suspend,FALSE,FALSE,iftas:cariad51,TRUE
switter.at,silence,FALSE,FALSE,iftas:cariad51,TRUE
tastingtraffic.net,suspend,FALSE,FALSE,iftas:cariad51,TRUE
tickler.cc,suspend,FALSE,FALSE,iftas:cariad51,TRUE
usasa.ky,suspend,FALSE,FALSE,iftas:cariad51,TRUE
5dollah.click,suspend,FALSE,FALSE,iftas:cariad51,TRUE
ac.akirin.xyz,suspend,FALSE,FALSE,iftas:cariad51,TRUE
asbestos.cafe,suspend,FALSE,FALSE,iftas:cariad51,TRUE
birdsite.wilde.cloud,suspend,FALSE,FALSE,iftas:cariad51,TRUE
cannibal.cafe,suspend,FALSE,FALSE,iftas:cariad51,TRUE
cryptodon.lol,silence,FALSE,FALSE,iftas:cariad51,TRUE
cum.camp,suspend,FALSE,FALSE,iftas:cariad51,TRUE
fr13nd5.com,suspend,FALSE,FALSE,iftas:cariad51,TRUE
frennet.xyz,suspend,FALSE,FALSE,iftas:cariad51,TRUE
gab.ai,suspend,FALSE,FALSE,iftas:cariad51,TRUE
geofront.rocks,suspend,FALSE,FALSE,iftas:cariad51,TRUE
imouto.pics,suspend,FALSE,FALSE,iftas:cariad51,TRUE
lewdieheaven.com,suspend,FALSE,FALSE,iftas:cariad51,TRUE
mashtodon.alterracloud.com,suspend,FALSE,FALSE,iftas:cariad51,TRUE
m.n1l.dev,suspend,FALSE,FALSE,iftas:cariad51,TRUE
morale.ch,suspend,FALSE,FALSE,iftas:cariad51,TRUE
natehiggers.online,suspend,FALSE,FALSE,iftas:cariad51,TRUE
nnia.space,suspend,FALSE,FALSE,iftas:cariad51,TRUE
outpoa.st,suspend,FALSE,FALSE,iftas:cariad51,TRUE
poast.tv,suspend,FALSE,FALSE,iftas:cariad51,TRUE
pooper.social,suspend,FALSE,FALSE,iftas:cariad51,TRUE
pravda.me,suspend,FALSE,FALSE,iftas:cariad51,TRUE
rape.pet,suspend,FALSE,FALSE,iftas:cariad51,TRUE
shrimpposter.club,suspend,FALSE,FALSE,iftas:cariad51,TRUE
social.lovingexpressions.net,suspend,FALSE,FALSE,iftas:cariad51,TRUE
strelizia.net,suspend,FALSE,FALSE,iftas:cariad51,TRUE
supernets.social,suspend,FALSE,FALSE,iftas:cariad51,TRUE
zztails.gay,suspend,FALSE,FALSE,iftas:cariad51,TRUE
9kb.me,silence,FALSE,FALSE,iftas:cariad51,TRUE
alive.bar,silence,FALSE,FALSE,iftas:cariad51,TRUE
baise-moi.top,suspend,FALSE,FALSE,iftas:cariad51,TRUE
birdsite.slashdev.space,suspend,FALSE,FALSE,iftas:cariad51,TRUE
birdsite.tcjc.uk,suspend,FALSE,FALSE,iftas:cariad51,TRUE
boks.moe,suspend,FALSE,FALSE,iftas:cariad51,TRUE
boymoder.biz,suspend,FALSE,FALSE,iftas:cariad51,TRUE
cachapa.xyz,suspend,FALSE,FALSE,iftas:cariad51,TRUE
childpawn.shop,suspend,FALSE,FALSE,iftas:cariad51,TRUE
electroverse.tech,silence,FALSE,FALSE,iftas:cariad51,TRUE
federated.fun,suspend,FALSE,FALSE,iftas:cariad51,TRUE
fluf.club,suspend,FALSE,FALSE,iftas:cariad51,TRUE
freespeech.group,suspend,FALSE,FALSE,iftas:cariad51,TRUE
glee.li,suspend,FALSE,FALSE,iftas:cariad51,TRUE
honkwerx.tech,suspend,FALSE,FALSE,iftas:cariad51,TRUE
liberdon.com,suspend,FALSE,FALSE,iftas:cariad51,TRUE
loli.church,suspend,FALSE,FALSE,iftas:cariad51,TRUE
masochi.st,suspend,FALSE,FALSE,iftas:cariad51,TRUE
mirr0r.city,suspend,FALSE,FALSE,iftas:cariad51,TRUE
mstdn.jp,silence,FALSE,FALSE,iftas:cariad51,TRUE
nobodyhasthe.biz,suspend,FALSE,FALSE,iftas:cariad51,TRUE
paypig.org,suspend,FALSE,FALSE,iftas:cariad51,TRUE
posting.lolicon.rocks,suspend,FALSE,FALSE,iftas:cariad51,TRUE
rapemeat.express,suspend,FALSE,FALSE,iftas:cariad51,TRUE
solagg.com,suspend,FALSE,FALSE,iftas:cariad51,TRUE
tsundere.love,suspend,FALSE,FALSE,iftas:cariad51,TRUE
twtr.plus,suspend,FALSE,FALSE,iftas:cariad51,TRUE
13bells.com,suspend,FALSE,FALSE,iftas:dni,TRUE
1611.social,suspend,FALSE,FALSE,iftas:dni,TRUE
armpit.space,suspend,FALSE,FALSE,iftas:dni,TRUE
burggit.moe,suspend,FALSE,FALSE,iftas:dni,TRUE
cottoncandy.cafe,suspend,FALSE,FALSE,iftas:dni,TRUE
croquis.moe,suspend,FALSE,FALSE,iftas:dni,TRUE
cutefunny.net,suspend,FALSE,FALSE,iftas:dni,TRUE
drinkanddrive.africa,suspend,FALSE,FALSE,iftas:dni,TRUE
fdel.moe,suspend,FALSE,FALSE,iftas:dni,TRUE
gegenstimme.tv,suspend,FALSE,FALSE,iftas:dni,TRUE
gimmeloli.cc,suspend,FALSE,FALSE,iftas:dni,TRUE
incestlovers.moe,suspend,FALSE,FALSE,iftas:dni,TRUE
kbin.cafe,suspend,FALSE,FALSE,iftas:dni,TRUE
kenfm.de,suspend,FALSE,FALSE,iftas:dni,TRUE
kittyy.mom,suspend,FALSE,FALSE,iftas:dni,TRUE
kiwifarms.is,suspend,FALSE,FALSE,iftas:dni,TRUE
mast-serv.site,suspend,FALSE,FALSE,iftas:dni,TRUE
nekosat.work,suspend,FALSE,FALSE,iftas:dni,TRUE
neomobius.com,suspend,FALSE,FALSE,iftas:dni,TRUE
parcero.casa,suspend,FALSE,FALSE,iftas:dni,TRUE
peertube.se,suspend,FALSE,FALSE,iftas:dni,TRUE
poast.org,suspend,FALSE,FALSE,iftas:dni,TRUE
punipoka.pink,suspend,FALSE,FALSE,iftas:dni,TRUE
querdenken-711.de,suspend,FALSE,FALSE,iftas:dni,TRUE
rassilni.com,suspend,FALSE,FALSE,iftas:dni,TRUE
ravergram.club,suspend,FALSE,FALSE,iftas:dni,TRUE
runtube.re,suspend,FALSE,FALSE,iftas:dni,TRUE
swebbtv.se,suspend,FALSE,FALSE,iftas:dni,TRUE
twi.social,suspend,FALSE,FALSE,iftas:dni,TRUE
vigilante.tv,suspend,FALSE,FALSE,iftas:dni,TRUE
webmasto.online,suspend,FALSE,FALSE,iftas:dni,TRUE
xscape.club,suspend,FALSE,FALSE,iftas:dni,TRUE